{"cameraMode":{"drawMode":0,"name":"Shaded","section":"Shading Mode"},"sceneLighting":true,"audioPlay":false,"sceneViewState":{"showFog":true,"showMaterialUpdate":false,"showSkybox":true,"showFlares":true,"showImageEffects":true,"showParticleSystems":true},"in2DMode":false,"pivot":{"x":149.70350646972657,"y":3.987452745437622,"z":-400.77166748046877},"rotation":{"x":0.005688106641173363,"y":0.026093339547514917,"z":0.00014845223631709814,"w":-0.9996433258056641},"size":22.293977737426759,"orthographic":true}