{"cameraMode":{"drawMode":0,"name":"Shaded","section":"Shading Mode"},"sceneLighting":false,"audioPlay":false,"sceneViewState":{"showFog":true,"showMaterialUpdate":false,"showSkybox":true,"showFlares":true,"showImageEffects":true,"showParticleSystems":true},"in2DMode":false,"pivot":{"x":-0.5141057968139648,"y":1.1399760246276856,"z":0.03752756118774414},"rotation":{"x":-0.1110287457704544,"y":0.7762479782104492,"z":-0.14270538091659547,"w":-0.60394287109375},"size":36.16753005981445,"orthographic":false}